[
  {
   "Positions": "Customer Success Specialist",
   "Language": "Japanese",
   "Location": "Penang",
   "Evergreen title": "Customer Success Specialist - Japanese  - Penang",
   "Evergreen link": "https:\/\/careerseng-teleperformance.icims.com\/jobs\/49421\/customer-success-specialist---japanese---penang\/job?mode=job&iis=RAF&iisn="
  },
  {
   "Positions": "Customer Success Specialist",
   "Language": "Korean",
   "Location": "Penang",
   "Evergreen title": "Customer Success Specialist - Korean - Penang",
   "Evergreen link": "https:\/\/careerseng-teleperformance.icims.com\/jobs\/49422\/customer-success-specialist---korean---penang\/job?mode=job&iis=RAF&iisn="
  },
  {
   "Positions": "Customer Success Specialist",
   "Language": "Thai",
   "Location": "Penang",
   "Evergreen title": "Customer Success Specialist - Thai - Penang",
   "Evergreen link": "https:\/\/careerseng-teleperformance.icims.com\/jobs\/49423\/customer-success-specialist---thai---penang\/job?mode=job&iis=RAF&iisn="
  },
  {
   "Positions": "Customer Success Specialist",
   "Language": "Vietnamese",
   "Location": "Penang",
   "Evergreen title": "Customer Success Specialist - Vietnamese - Penang",
   "Evergreen link": "https:\/\/careerseng-teleperformance.icims.com\/jobs\/49425\/customer-success-specialist---vietnamese---penang\/job?mode=job&iis=RAF&iisn="
  },
  {
   "Positions": "Customer Success Specialist",
   "Language": "Bahasa Indonesia",
   "Location": "Penang",
   "Evergreen title": "Customer Success Specialist - Bahasa Indonesia - Penang",
   "Evergreen link": "https:\/\/careerseng-teleperformance.icims.com\/jobs\/49436\/customer-success-specialist---bahasa-indonesia---penang\/job?mode=job&iis=RAF&iisn="
  },
  {
   "Positions": "Customer Success Specialist",
   "Language": "Mandarin",
   "Location": "Penang",
   "Evergreen title": " - Mandarin  - Penang",
   "Evergreen link": "https:\/\/careerseng-teleperformance.icims.com\/jobs\/49438\/customer-success-specialist---mandarin----penang\/job?mode=job&iis=RAF&iisn="
  },
  {
   "Positions": "Customer Success Specialist",
   "Language": "Cantonese",
   "Location": "Penang",
   "Evergreen title": "Customer Success Specialist - Cantonese - Penang",
   "Evergreen link": "https:\/\/careerseng-teleperformance.icims.com\/jobs\/49440\/customer-success-specialist---cantonese---penang\/job?mode=job&iis=RAF&iisn="
  },
  {
   "Positions": "Customer Success Specialist",
   "Language": "Taiwanese",
   "Location": "Penang",
   "Evergreen title": "Customer Success Specialist - Taiwanese  - Penang",
   "Evergreen link": "https:\/\/careerseng-teleperformance.icims.com\/jobs\/49442\/customer-success-specialist---taiwanese----penang\/job?mode=job&iis=RAF&iisn="
  },
  {
   "Positions": "Customer Success Specialist",
   "Language": "English",
   "Location": "Penang",
   "Evergreen title": "Customer Success Specialist - English - Penang",
   "Evergreen link": "https:\/\/careerseng-teleperformance.icims.com\/jobs\/49253\/customer-success-specialist---english---penang\/job?mode=job&iis=RAF&iisn="
  },
  {
   "Positions": "Customer Success Specialist",
   "Language": "Thai",
   "Location": "Kuala Lumpur",
   "Evergreen title": "Customer Success Specialist - Thai - Kuala Lumpur",
   "Evergreen link": "https:\/\/careerseng-teleperformance.icims.com\/jobs\/49429\/customer-success-specialist---thai---kl\/job?mode=job&iis=RAF&iisn="
  },
  {
   "Positions": "Customer Success Specialist",
   "Language": "Bahasa Indonesia",
   "Location": "Kuala Lumpur",
   "Evergreen title": "Customer Success Specialist - Bahasa Indonesia - Kuala Lumpur",
   "Evergreen link": "https:\/\/careerseng-teleperformance.icims.com\/jobs\/49433\/customer-success-specialist---bahasa-indonesia---kl\/job?mode=job&iis=RAF&iisn="
  },
  {
   "Positions": "Customer Success Specialist",
   "Language": "Mandarin",
   "Location": "Kuala Lumpur",
   "Evergreen title": "Customer Success Specialist - Mandarin  - Kuala Lumpur",
   "Evergreen link": "https:\/\/careerseng-teleperformance.icims.com\/jobs\/49435\/customer-success-specialist---mandarin---kl\/job?mode=job&iis=RAF&iisn="
  },
  {
   "Positions": "Customer Success Specialist",
   "Language": "English",
   "Location": "Kuala Lumpur",
   "Evergreen title": "Customer Success Specialist - English - Kuala Lumpur",
   "Evergreen link": "https:\/\/careerseng-teleperformance.icims.com\/jobs\/49254\/customer-success-specialist---english---kl\/job?mode=job&iis=RAF&iisn="
  },
  {
   "Positions": "Customer Success Specialist (Non-Voice)",
   "Language": "English",
   "Location": "Kuala Lumpur",
   "Evergreen title": "Customer Success Specialist (Non-Voice) - English - Kuala Lumpur",
   "Evergreen link": "https:\/\/careerseng-teleperformance.icims.com\/jobs\/51751\/customer-success-specialist-%28non-voice%29---english---kl\/job?mode=job&iis=RAF&iisn="
  },
  {
   "Positions": "Customer Success Specialist (Non-Voice)",
   "Language": "Mandarin",
   "Location": "Kuala Lumpur",
   "Evergreen title": "Customer Success Specialist (Non-Voice) - Mandarin - Kuala Lumpur",
   "Evergreen link": "https:\/\/careerseng-teleperformance.icims.com\/jobs\/51754\/customer-success-specialist-%28non-voice%29---mandarin---kl\/job?mode=job&iis=RAF&iisn="
  },
  {
   "Positions": "Customer Success Specialist (Non-Voice)",
   "Language": "Korean",
   "Location": "Kuala Lumpur",
   "Evergreen title": "Customer Success Specialist (Non-Voice) - Korean - Kuala Lumpur",
   "Evergreen link": "https:\/\/careerseng-teleperformance.icims.com\/jobs\/51756\/customer-success-specialist-%28non-voice%29---korean---kl\/job?mode=job&iis=RAF&iisn="
  },
  {
   "Positions": "Customer Service Representative",
   "Language": "English",
   "Location": "Penang",
   "Evergreen title": "Customer Service Representative - English - Penang",
   "Evergreen link": "https:\/\/careerseng-teleperformance.icims.com\/jobs\/53235\/customer-service-representative---english---seberang-perai\/job?mode=job&iis=RAF&iisn="
  },
  {
   "Positions": "Anti-Money-Laundering (AML)",
   "Language": "Korean",
   "Location": "Kuala Lumpur",
   "Evergreen title": "Anti-Money-Laundering (AML) - Korean - Kuala Lumpur",
   "Evergreen link": "https:\/\/careerseng-teleperformance.icims.com\/jobs\/49470\/anti-money-laundering-%28aml%29---korean---kl\/job?mode=job&iis=RAF&iisn="
  },
  {
   "Positions": "Anti-Money-Laundering (AML)",
   "Language": "Thai",
   "Location": "Kuala Lumpur",
   "Evergreen title": "Anti-Money-Laundering (AML) - Thai - Kuala Lumpur",
   "Evergreen link": "https:\/\/careerseng-teleperformance.icims.com\/jobs\/49471\/anti-money-laundering-%28aml%29---thai---kl\/job?mode=job&iis=RAF&iisn="
  },
  {
   "Positions": "Anti-Money-Laundering (AML)",
   "Language": "Mandarin",
   "Location": "Kuala Lumpur",
   "Evergreen title": "Anti-Money-Laundering (AML) - Mandarin  - Kuala Lumpur",
   "Evergreen link": "https:\/\/careerseng-teleperformance.icims.com\/jobs\/49479\/anti-money-laundering-%28aml%29---mandarin---kl\/job?mode=job&iis=RAF&iisn="
  },
  {
   "Positions": "Anti-Money-Laundering (AML)",
   "Language": "English",
   "Location": "Kuala Lumpur",
   "Evergreen title": "Anti-Money-Laundering (AML) - English - Kuala Lumpur",
   "Evergreen link": "https:\/\/careerseng-teleperformance.icims.com\/jobs\/49255\/anti-money-laundering-%28aml%29-analyst---english---kl\/job?mode=job&iis=RAF&iisn="
  },
  {
   "Positions": "Anti-Money-Laundering (AML)",
   "Language": "Portuguese",
   "Location": "Kuala Lumpur",
   "Evergreen title": "Anti-Money-Laundering (AML) - Portuguese  - Kuala Lumpur",
   "Evergreen link": "https:\/\/careerseng-teleperformance.icims.com\/jobs\/49488\/anti-money-laundering-%28aml%29---portuguese---kl\/job?mode=job&iis=RAF&iisn="
  },
  {
   "Positions": "Anti-Money-Laundering (AML)",
   "Language": "Russian",
   "Location": "Kuala Lumpur",
   "Evergreen title": "Anti-Money-Laundering (AML) - Russian - Kuala Lumpur",
   "Evergreen link": "https:\/\/careerseng-teleperformance.icims.com\/jobs\/49489\/anti-money-laundering-%28aml%29---russian---kl\/job?mode=job&iis=RAF&iisn="
  },
  {
   "Positions": "Anti-Money-Laundering (AML)",
   "Language": "Spanish",
   "Location": "Kuala Lumpur",
   "Evergreen title": "Anti-Money-Laundering (AML) - Spanish - Kuala Lumpur",
   "Evergreen link": "https:\/\/careerseng-teleperformance.icims.com\/jobs\/49490\/anti-money-laundering-%28aml%29---spanish---kl\/job?mode=job&iis=RAF&iisn="
  },
  {
   "Positions": "Content Moderator",
   "Language": "Japanese",
   "Location": "Penang",
   "Evergreen title": "Content Moderator - Japanese - Penang",
   "Evergreen link": "https:\/\/careerseng-teleperformance.icims.com\/jobs\/49611\/content-moderator---japanese---penang\/job?mode=job&iis=RAF&iisn="
  },
  {
   "Positions": "Content Moderator",
   "Language": "Korean",
   "Location": "Penang",
   "Evergreen title": "Content Moderator - Korean - Penang",
   "Evergreen link": "https:\/\/careerseng-teleperformance.icims.com\/jobs\/49614\/content-moderator---korean---penang\/job?mode=job&iis=RAF&iisn="
  },
  {
   "Positions": "Content Moderator",
   "Language": "Thai",
   "Location": "Penang",
   "Evergreen title": "Content Moderator - Thai - Penang",
   "Evergreen link": "https:\/\/careerseng-teleperformance.icims.com\/jobs\/49616\/content-moderator---thai---penang\/job?mode=job&iis=RAF&iisn="
  },
  {
   "Positions": "Content Moderator",
   "Language": "Vietnamese",
   "Location": "Penang",
   "Evergreen title": "Content Moderator - Vietnamese - Penang",
   "Evergreen link": "https:\/\/careerseng-teleperformance.icims.com\/jobs\/49617\/content-moderator---vietnamese---penang\/job?mode=job&iis=RAF&iisn="
  },
  {
   "Positions": "Content Moderator",
   "Language": "Tagalog",
   "Location": "Penang",
   "Evergreen title": "Content Moderator - Tagalog - Penang",
   "Evergreen link": "https:\/\/careerseng-teleperformance.icims.com\/jobs\/49676\/content-moderator---tagalog---penang\/job?mode=job&iis=RAF&iisn="
  },
  {
   "Positions": "Content Moderator",
   "Language": "Bahasa Indonesia",
   "Location": "Penang",
   "Evergreen title": "Content Moderator - Bahasa Indonesia - Penang",
   "Evergreen link": "https:\/\/careerseng-teleperformance.icims.com\/jobs\/49678\/content-moderator---bahasa-indonesia---penang\/job?mode=job&iis=RAF&iisn="
  },
  {
   "Positions": "Content Moderator",
   "Language": "Mandarin",
   "Location": "Penang",
   "Evergreen title": "Content Moderator - Mandarin  - Penang",
   "Evergreen link": "https:\/\/careerseng-teleperformance.icims.com\/jobs\/49679\/content-moderator---mandarin---penang\/job?mode=job&iis=RAF&iisn="
  },
  {
   "Positions": "Content Moderator",
   "Language": "English",
   "Location": "Penang",
   "Evergreen title": "Content Moderator - English - Penang",
   "Evergreen link": "https:\/\/careerseng-teleperformance.icims.com\/jobs\/49399\/content-moderator---english---penang\/job?mode=job&iis=RAF&iisn="
  },
  {
   "Positions": "Content Moderator",
   "Language": "Bengali",
   "Location": "Penang",
   "Evergreen title": "Content Moderator - Bengali - Penang",
   "Evergreen link": "https:\/\/careerseng-teleperformance.icims.com\/jobs\/51083\/content-moderator---bengali---penang\/job?mode=job&iis=RAF&iisn="
  },

  {
   "Positions": "Content Moderator",
   "Language": "Mandarin",
   "Location": "Kuala Lumpur",
   "Evergreen title": "Content Moderator - Mandarin  - Kuala Lumpur",
   "Evergreen link": "https:\/\/careerseng-teleperformance.icims.com\/jobs\/49697\/content-moderator---mandarin---kl\/job?mode=job&iis=RAF&iisn="
  },
  {
   "Positions": "Content Moderator",
   "Language": "English",
   "Location": "Kuala Lumpur",
   "Evergreen title": "Content Moderator - English - Kuala Lumpur",
   "Evergreen link": "https:\/\/careerseng-teleperformance.icims.com\/jobs\/49401\/content-moderator---english---kl\/job?mode=job&iis=RAF&iisn="
  },
  {
   "Positions": "Inbound Sales Representative",
   "Language": "Korean",
   "Location": "Penang",
   "Evergreen title": "Inbound Sales Representative - Korean - Penang",
   "Evergreen link": "https:\/\/careerseng-teleperformance.icims.com\/jobs\/49594\/inbound-sales-representative---korean---penang\/job?mode=job&iis=RAF&iisn="
  },
  {
   "Positions": "Inbound Sales Representative",
   "Language": "Arabic",
   "Location": "Penang",
   "Evergreen title": "Inbound Sales Representative - Arabic - Penang",
   "Evergreen link": "https:\/\/careerseng-teleperformance.icims.com\/jobs\/49609\/inbound-sales-representative---arabic---penang\/job?mode=job&iis=RAF&iisn="
  },
  {
   "Positions": "Inbound Sales Representative",
   "Language": "Cantonese",
   "Location": "Penang",
   "Evergreen title": "Inbound Sales Representative - Cantonese - Penang",
   "Evergreen link": "https:\/\/careerseng-teleperformance.icims.com\/jobs\/49613\/inbound-sales-representative---cantonese---penang\/job?mode=job&iis=RAF&iisn="
  },
  {
   "Positions": "Inbound Sales Representative",
   "Language": "English",
   "Location": "Penang",
   "Evergreen title": "Inbound Sales Representative - English - Penang",
   "Evergreen link": "https:\/\/careerseng-teleperformance.icims.com\/jobs\/49406\/inbound-sales-representative---english---penang\/job?mode=job&iis=RAF&iisn="
  },
  {
   "Positions": "Inbound Sales Representative",
   "Language": "Japanese",
   "Location": "Kuala Lumpur",
   "Evergreen title": "Inbound Sales Representative - Japanese  - Kuala Lumpur",
   "Evergreen link": "https:\/\/careerseng-teleperformance.icims.com\/jobs\/49628\/inbound-sales-representative---japanese---kl\/job?mode=job&iis=RAF&iisn="
  },
  {
   "Positions": "Inbound Sales Representative",
   "Language": "Mandarin",
   "Location": "Kuala Lumpur",
   "Evergreen title": "Inbound Sales Representative - Mandarin  - Kuala Lumpur",
   "Evergreen link": "https:\/\/careerseng-teleperformance.icims.com\/jobs\/49635\/inbound-sales-representative---mandarin---kl\/job?mode=job&iis=RAF&iisn="
  },
  {
   "Positions": "Inbound Sales Representative",
   "Language": "English",
   "Location": "Kuala Lumpur",
   "Evergreen title": "Inbound Sales Representative - English - Kuala Lumpur",
   "Evergreen link": "https:\/\/careerseng-teleperformance.icims.com\/jobs\/49404\/inbound-sales-representative---english---kl\/job?mode=job&iis=RAF&iisn="
  },
  {
   "Positions": "Interpreter",
   "Language": "Mandarin",
   "Location": "Work From Home",
   "Evergreen title": "Interpreter - Mandarin  - Work From Home",
   "Evergreen link": "https:\/\/careerseng-teleperformance.icims.com\/jobs\/49561\/interpreter---mandarin---work-from-home\/job?mode=job&iis=RAF&iisn="
  },
  {
   "Positions": "Interpreter",
   "Language": "Cantonese",
   "Location": "Work From Home",
   "Evergreen title": "Interpreter - Cantonese - Work From Home",
   "Evergreen link": "https:\/\/careerseng-teleperformance.icims.com\/jobs\/49598\/interpreter---cantonese---work-from-home\/job?mode=job&iis=RAF&iisn="
  },
  {
   "Positions": "Interpreter",
   "Language": "Khmer",
   "Location": "Work From Home",
   "Evergreen title": "Interpreter - Khmer - Work From Home",
   "Evergreen link": "https:\/\/careerseng-teleperformance.icims.com\/jobs\/49603\/interpreter---khmer---work-from-home\/job?mode=job&iis=RAF&iisn="
  },
  {
   "Positions": "Interpreter",
   "Language": "Lao",
   "Location": "Work From Home",
   "Evergreen title": "Interpreter - Lao - Work From Home",
   "Evergreen link": "https:\/\/careerseng-teleperformance.icims.com\/jobs\/49604\/interpreter---lao---work-from-home\/job?mode=job&iis=RAF&iisn="
  },
  {
   "Positions": "Interpreter",
   "Language": "Dari",
   "Location": "Work From Home",
   "Evergreen title": "Interpreter - Dari - Work From Home",
   "Evergreen link": "https:\/\/careerseng-teleperformance.icims.com\/jobs\/50180\/interpreter---dari---work-from-home\/job?mode=job&iis=RAF&iisn="
  },
  {
   "Positions": "Interpreter",
   "Language": "Karen",
   "Location": "Work From Home",
   "Evergreen title": "Interpreter - Karen - Work From Home",
   "Evergreen link": "https:\/\/careerseng-teleperformance.icims.com\/jobs\/52460\/interpreter---karen---work-from-home\/job?mode=job&iis=RAF&iisn="
  },
  {
   "Positions": "Service Advisor",
   "Language": "Malay",
   "Location": "Penang",
   "Evergreen title": "Service Advisor - Malay - Penang",
   "Evergreen link": "https:\/\/careerseng-teleperformance.icims.com\/jobs\/42690\/service-advisor---malay-%26-english\/job?mode=job&iis=RAF&iisn="
  },
  {
   "Positions": "Service Advisor",
   "Language": "Indonesian",
   "Location": "Penang",
   "Evergreen title": "Service Advisor - Indonesian - Penang",
   "Evergreen link": "https:\/\/careerseng-teleperformance.icims.com\/jobs\/42691\/service-advisor---indonesian-%26-english\/job?mode=job&iis=RAF&iisn="
  },
  {
   "Positions": "Service Advisor",
   "Language": "Cantonese",
   "Location": "Penang",
   "Evergreen title": "Service Advisor - Cantonese - Penang",
   "Evergreen link": "https:\/\/careerseng-teleperformance.icims.com\/jobs\/42692\/service-advisor---cantonese-%26-english\/job?mode=job&iis=RAF&iisn="
  },
  {
   "Positions": "Collection Officer",
   "Language": "English",
   "Location": "Kuala Lumpur",
   "Evergreen title": "Collection Officer - English - Kuala Lumpur",
   "Evergreen link": "https:\/\/careerseng-teleperformance.icims.com\/jobs\/52651\/collection-officer---english---kl\/job?mode=job&iis=RAF&iisn="
  },
  {
   "Positions": "Customer Service Advisor",
   "Language": "Korean",
   "Location": "Bangkok",
   "Evergreen title": "Customer Service Advisor  - Korean - Bangkok",
   "Evergreen link": "https:\/\/careerseng-teleperformance.icims.com\/jobs\/51106\/customer-service-advisor---korean---bangkok\/job?mode=job&iis=RAF&iisn="
  },

  {
   "Positions": "Ad Sales Specialist",
   "Language": "Korean",
   "Location": "Bangkok",
   "Evergreen title": "Ad Sales Specialist - Korean - Bangkok",
   "Evergreen link": "https:\/\/careerseng-teleperformance.icims.com\/jobs\/50060\/ad-sales-specialist---korean---bangkok\/job?mode=job&iis=RAF&iisn="
  },
  {
   "Positions": "Content Moderator",
   "Language": "Korean",
   "Location": "Bangkok",
   "Evergreen title": "Content Moderator - Korean - Bangkok",
   "Evergreen link": "https:\/\/careerseng-teleperformance.icims.com\/jobs\/49720\/content-moderator---korean---bangkok\/job?mode=job&iis=RAF&iisn="
  },
  {
   "Positions": "Content Moderator",
   "Language": "Thai",
   "Location": "Bangkok",
   "Evergreen title": "Content Moderator - Thai - Bangkok",
   "Evergreen link": "https:\/\/careerseng-teleperformance.icims.com\/jobs\/49721\/content-moderator---thai---bangkok\/job?mode=job&iis=RAF&iisn="
  },
  {
   "Positions": "Content Moderator",
   "Language": "Vietnamese",
   "Location": "Bangkok",
   "Evergreen title": "Content Moderator - Vietnamese - Bangkok",
   "Evergreen link": "https:\/\/careerseng-teleperformance.icims.com\/jobs\/49722\/content-moderator---vietnamese---bangkok\/job?mode=job&iis=RAF&iisn="
  },
  {
   "Positions": "Content Moderator",
   "Language": "Bahasa Indonesia",
   "Location": "Bangkok",
   "Evergreen title": "Content Moderator - Bahasa Indonesia - Bangkok",
   "Evergreen link": "https:\/\/careerseng-teleperformance.icims.com\/jobs\/49719\/content-moderator---bahasa-indonesia---bangkok\/job?mode=job&iis=RAF&iisn="
  },
  {
   "Positions": "Game Ambassador",
   "Language": "English",
   "Location": "Penang",
   "Evergreen title": "Game Ambassador - English - Penang",
   "Evergreen link": "https:\/\/careerseng-teleperformance.icims.com\/jobs\/50476\/game-ambassador---english---penang\/job?mode=job&iis=RAF&iisn="
  },
  {
   "Positions": "Content Moderator",
   "Language": "Mandarin",
   "Location": "Kuala Lumpur",
   "Evergreen title": "Content Moderator - Chinese Support- Social Media Project",
   "Evergreen link": "https:\/\/careerseng-teleperformance.icims.com\/jobs\/48954\/content-moderator---chinese-support--social-media-project\/job?mode=job&iis=RAF&iisn="
  },
  {
   "Positions": "Content Moderator Social Media Project",
   "Language": "English",
   "Location": "Kuala Lumpur",
   "Evergreen title": "Content Moderator - English Support - Social Media Project",
   "Evergreen link": "https:\/\/careerseng-teleperformance.icims.com\/jobs\/48968\/content-moderator---english-support---social-media-project\/job?mode=job&iis=RAF&iisn="
  },
  {
   "Positions": "Content Moderator",
   "Language": "Malay",
   "Location": "Kuala Lumpur",
   "Evergreen title": "Content Moderator - Malay Support- Social Media Project",
   "Evergreen link": "https:\/\/careerseng-teleperformance.icims.com\/jobs\/48962\/content-moderator---malay-support--social-media-project\/job?mode=job&iis=RAF&iisn="
  },
  {
   "Positions": "Content Moderator",
   "Language": "Urdu",
   "Location": "Kuala Lumpur",
   "Evergreen title": "Content Moderator - Urdu Support - Social Media Project",
   "Evergreen link": "https:\/\/careerseng-teleperformance.icims.com\/jobs\/48969\/content-moderator---urdu-support---social-media-project\/job?mode=job&iis=RAF&iisn="
  },
  {
   "Positions": "Customer Service Representative",
   "Language": "Cantonese",
   "Location": "Kuala Lumpur",
   "Evergreen title": "Customer Service Representative - Cantonese Support - Reservation Project",
   "Evergreen link": "https:\/\/careerseng-teleperformance.icims.com\/jobs\/48973\/customer-service-representative---cantonese-support---reservation-project\/job?mode=job&iis=RAF&iisn="
  },
  {
   "Positions": "Customer Service Representative (Monolingual)",
   "Language": "Japanese",
   "Location": "Kuala Lumpur",
   "Evergreen title": "Customer Service Representative - Japanese Support - E Commerce Project",
   "Evergreen link": "https:\/\/careerseng-teleperformance.icims.com\/jobs\/49027\/customer-service-representative---japanese-support---e-commerce-project\/job?mode=job&iis=RAF&iisn="
  },
  {
   "Positions": "Customer Service Representative",
   "Language": "Malay",
   "Location": "Kuala Lumpur",
   "Evergreen title": "Customer Service Representative - Malay Support - Reservation Project",
   "Evergreen link": "https:\/\/careerseng-teleperformance.icims.com\/jobs\/48970\/customer-service-representative---malay-support---reservation-project\/job?mode=job&iis=RAF&iisn="
  },
  {
   "Positions": "Customer Service Representative",
   "Language": "Mandarin",
   "Location": "Kuala Lumpur",
   "Evergreen title": "Customer Service Representative - Mandarin Support - Reservation Project",
   "Evergreen link": "https:\/\/careerseng-teleperformance.icims.com\/jobs\/48972\/customer-service-representative---mandarin-support---reservation-project\/job?mode=job&iis=RAF&iisn="
  },
  {
   "Positions": "Customer Service Representative",
   "Language": "Chinese - Traditional",
   "Location": "Kuala Lumpur",
   "Evergreen title": "Customer Service Representative - Traditional Chinese Support - Reservation Project",
   "Evergreen link": "https:\/\/careerseng-teleperformance.icims.com\/jobs\/48971\/customer-service-representative---traditional-chinese-support---reservation-project\/job?mode=job&iis=RAF&iisn="
  },
  {
   "Positions": "Guest Service Call Executive - (Bilingual)",
   "Language": "Thai",
   "Location": "Bangkok",
   "Evergreen title": "Guest Service Call Executive - (Bilingual) - Thai - Bangkok",
   "Evergreen link": "https:\/\/careerseng-teleperformance.icims.com\/jobs\/51105\/guest-service-call-executive---%28bilingual%29---thai---bangkok\/job?mode=job&iis=RAF&iisn="
  },
  {
   "Positions": "Data Annotation",
   "Language": "Korean",
   "Location": "Work From Home",
   "Evergreen title": "Data Annotation - Korean - Work From Home",
   "Evergreen link": "https:\/\/careerseng-teleperformance.icims.com\/jobs\/51543\/data-annotation---korean---work-from-home\/job?mode=job&iis=RAF&iisn="
  },
  {
   "Positions": "Procurement Specialist",
   "Language": "English",
   "Location": "Kuala Lumpur",
   "Evergreen title": "Procurement Specialist - English - Kuala Lumpur",
   "Evergreen link": "https:\/\/careerseng-teleperformance.icims.com\/jobs\/51851\/procurement-specialist---english---kl\/job?mode=job&iis=RAF&iisn="
  },
  {
   "Positions": "Procurement Specialist",
   "Language": "Mandarin",
   "Location": "Kuala Lumpur",
   "Evergreen title": "Procurement Specialist - Mandarin  - Kuala Lumpur",
   "Evergreen link": "https:\/\/careerseng-teleperformance.icims.com\/jobs\/52474\/procurement-specialist---mandarin---kl\/job?mode=job&iis=RAF&iisn="
  },
  {
   "Positions": "Customer Success Specialist - Banking",
   "Language": "English",
   "Location": "Kuala Lumpur",
   "Evergreen title": "Customer Success Specialist - Banking - English - Kuala Lumpur",
   "Evergreen link": "https:\/\/careerseng-teleperformance.icims.com\/jobs\/51988\/customer-success-specialist---banking---english---kl\/job?mode=job&iis=RAF&iisn="
  },
  {
   "Positions": "Customer Success Specialist - Banking",
   "Language": "Mandarin",
   "Location": "Kuala Lumpur",
   "Evergreen title": "Customer Success Specialist - Banking - Mandarin - Kuala Lumpur",
   "Evergreen link": "https:\/\/careerseng-teleperformance.icims.com\/jobs\/51989\/customer-success-specialist---banking---mandarin---kl\/job?mode=job&iis=RAF&iisn="
  },
  {
   "Positions": "Customer Service Representative - Japanese Support - Reservation Project",
   "Language": "Japanese",
   "Location": "Kuala Lumpur",
   "Evergreen title": "Customer Service Representative - Japanese Support - Reservation Project",
   "Evergreen link": "https:\/\/careerseng-teleperformance.icims.com\/jobs\/49026\/customer-service-representative---japanese-support---reservation-project\/job?mode=job&iis=RAF&iisn="
  },
  {
   "Positions": "Inside Sales Representative",
   "Language": "Bahasa Indonesia",
   "Location": "Kuala Lumpur",
   "Evergreen title": "Inside Sales Representative - Bahasa Indonesia - Kuala Lumpur",
   "Evergreen link": "https:\/\/careerseng-teleperformance.icims.com\/jobs\/52287\/inside-sales-representative---bahasa-indonesia---kl\/job?mode=job&iis=RAF&iisn="
  },
  {
   "Positions": "Customer Success Specialist (3 months Contract, Non-Voice)",
   "Language": "Mandarin",
   "Location": "Kuala Lumpur",
   "Evergreen title": "Customer Success Specialist (3 months Contract, Non-Voice) - Mandarin - Kuala Lumpur",
   "Evergreen link": "https:\/\/careerseng-teleperformance.icims.com\/jobs\/52463\/customer-success-specialist-%283-months-contract%2c-non-voice%29---mandarin---tpmy\/job?mode=job&iis=RAF&iisn="
  },
  {
   "Positions": "Customer Success Specialist (3 months Contract, Non-Voice)",
   "Language": "English",
   "Location": "Kuala Lumpur",
   "Evergreen title": "Customer Success Specialist (3 months Contract, Non-Voice) - English - Kuala Lumpur",
   "Evergreen link": "https:\/\/careerseng-teleperformance.icims.com\/jobs\/52464\/customer-success-specialist-%283-months-contract%2c-non-voice%29---english---tpmy\/job?mode=job&iis=RAF&iisn="
  },
  {
   "Positions": "Customer Success Specialist (3 months Contract, Non-Voice)",
   "Language": "Mandarin",
   "Location": "Penang",
   "Evergreen title": "Customer Success Specialist (3 months Contract, Non-Voice) - Mandarin - Malaysia - Contract",
   "Evergreen link": "https:\/\/careerseng-teleperformance.icims.com\/jobs\/52463\/customer-success-specialist-%283-months-contract%2c-non-voice%29---mandarin---tpmy\/job?mode=job&iis=RAF&iisn="
  },
  {
   "Positions": "Customer Success Specialist (3 months Contract, Non-Voice)",
   "Language": "English",
   "Location": "Penang",
   "Evergreen title": "Customer Success Specialist (3 months Contract, Non-Voice) - English - Penang",
   "Evergreen link": "https:\/\/careerseng-teleperformance.icims.com\/jobs\/52464\/customer-success-specialist-%283-months-contract%2c-non-voice%29---english---tpmy\/job?mode=job&iis=RAF&iisn="
  },  
  {
   "Positions": "Customer Success Specialist",
   "Language": "Khmer",
   "Location": "Penang",
   "Evergreen title": "Customer Success Specialist - Khmer - Penang",
   "Evergreen link": "https:\/\/careerseng-teleperformance.icims.com\/jobs\/49494\/customer-success-specialist---khmer---penang\/job?mode=job&iis=RAF&iisn="
  },
  {
   "Positions": "Customer Success Specialist Permanent Night Shift",
   "Language": "English",
   "Location": "Penang",
   "Evergreen title": "Customer Success Specialist - English  - Permanent Night Shift - Penang",
   "Evergreen link": "https:\/\/careerseng-teleperformance.icims.com\/jobs\/52759\/customer-success-specialist---english---permanent-night-shift---penang\/job?mode=job&iis=RAF&iisn="
  },
   {
    "Positions": "Customer Success Specialist",
    "Language": "Vietnamese",
    "Location": "Kuala Lumpur",
    "Evergreen title": "Customer Success Specialist - Vietnamese - Kuala Lumpur",
    "Evergreen link": "https:\/\/careerseng-teleperformance.icims.com\/jobs\/49430\/customer-success-specialist---vietnamese---kl\/job?mode=job&iis=RAF&iisn="
  },   
  {
    "Positions": "Fraud & Risk Analyst",
    "Language": "Bahasa Indonesia",
    "Location": "Kuala Lumpur",
    "Evergreen title": "Fraud & Risk Analyst - Bahasa Indonesia - Kuala Lumpur",
    "Evergreen link": "https:\/\/careerseng-teleperformance.icims.com\/jobs\/56036\/fraud-%26-risk-analyst---bahasa-indonesia---kuala-lumpur\/job?mode=job&iis=RAF&iisn="
  }, 
  {
    "Positions": "Customer Success Specialist",
    "Language": "Malay",
    "Location": "Penang",
    "Evergreen title": "Customer Success Specialist - Malay - Penang",
    "Evergreen link": "https:\/\/careerseng-teleperformance.icims.com\/jobs\/37673\/customer-success-specialist---english-bahasa-malaysia-support-%28penang%29\/job?mode=job&iis=RAF&iisn="
  },  
  {
    "Positions": "Customer Success Specialist",
    "Language": "Gujarati",
    "Location": "Penang",
    "Evergreen title": "Customer Success Specialist - Gujarati - Penang",
    "Evergreen link": "https:\/\/careerseng-teleperformance.icims.com\/jobs\/57369\/customer-success-specialist---gujarati--penang\/job?mode=job&iis=RAF&iisn="
  },
  {
   "Positions": "Customer Service Representative - Japanese Support - IT Project",
   "Language": "Japanese",
   "Location": "Kuala Lumpur",
   "Evergreen title": "Customer Service Representative - Japanese Support - IT Project",
   "Evergreen link": "https:\/\/careerseng-teleperformance.icims.com\/jobs\/49021\/customer-service-representative---japanese-support---it-project\/job?mode=job&iis=RAF&iisn="
  },
  {
    "Positions": "Team Lead / Supervisor",
    "Language": "English",
    "Location": "Penang",
    "Evergreen title": "Team Lead / Supervisor - English - Penang",
    "Evergreen link": "https:\/\/careers-teleperformance.icims.com\/jobs\/50266\/customer-service-team-lead---kl\/job?mode=job&iis=RAF&iisn="
  },  
  {
    "Positions": "Team Lead / Supervisor",
    "Language": "English",
    "Location": "Kuala Lumpur",
    "Evergreen title": "Team Lead / Supervisor - English - Kuala Lumpur",
    "Evergreen link": "https:\/\/careers-teleperformance.icims.com\/jobs\/50266\/customer-service-team-lead---kl\/job?mode=job&iis=RAF&iisn="
  },  
  {
    "Positions": "Team Lead / Supervisor",
    "Language": "Japanese",
    "Location": "Penang",
    "Evergreen title": "Team Lead / Supervisor - Japanese - Penang",
    "Evergreen link": "https:\/\/careers-teleperformance.icims.com\/jobs\/50266\/customer-service-team-lead---kl\/job?mode=job&iis=RAF&iisn="
  },  
  {
    "Positions": "Team Lead / Supervisor",
    "Language": "Japanese",
    "Location": "Kuala Lumpur",
    "Evergreen title": "Team Lead / Supervisor - Japanese - Kuala Lumpur",
    "Evergreen link": "https:\/\/careers-teleperformance.icims.com\/jobs\/50266\/customer-service-team-lead---kl\/job?mode=job&iis=RAF&iisn="
  },  
  {
    "Positions": "Team Lead / Supervisor",
    "Language": "Korean",
    "Location": "Penang",
    "Evergreen title": "Team Lead / Supervisor - Korean - Penang",
    "Evergreen link": "https:\/\/careers-teleperformance.icims.com\/jobs\/50266\/customer-service-team-lead---kl\/job?mode=job&iis=RAF&iisn="
  },  
  {
    "Positions": "Team Lead / Supervisor",
    "Language": "Korean",
    "Location": "Kuala Lumpur",
    "Evergreen title": "Team Lead / Supervisor - Korean - Kuala Lumpur",
    "Evergreen link": "https:\/\/careers-teleperformance.icims.com\/jobs\/50266\/customer-service-team-lead---kl\/job?mode=job&iis=RAF&iisn="
  },  
  {
    "Positions": "Trainer",
    "Language": "English",
    "Location": "Penang",
    "Evergreen title": "Trainer - English - Penang",
    "Evergreen link": "https:\/\/careers-teleperformance.icims.com\/jobs\/50664\/trainer---kl\/job?mode=job&iis=RAF&iisn="
  },  
  {
    "Positions": "Trainer",
    "Language": "English",
    "Location": "Kuala Lumpur",
    "Evergreen title": "Trainer - English - Kuala Lumpur",
    "Evergreen link": "https:\/\/careers-teleperformance.icims.com\/jobs\/50664\/trainer---kl\/job?mode=job&iis=RAF&iisn="
  },  
  {
    "Positions": "Trainer",
    "Language": "Japanese",
    "Location": "Penang",
    "Evergreen title": "Trainer - Japanese - Penang",
    "Evergreen link": "https:\/\/careers-teleperformance.icims.com\/jobs\/50664\/trainer---kl\/job?mode=job&iis=RAF&iisn="
  },  
  {
    "Positions": "Trainer",
    "Language": "Japanese",
    "Location": "Kuala Lumpur",
    "Evergreen title": "Trainer - Japanese - Kuala Lumpur",
    "Evergreen link": "https:\/\/careers-teleperformance.icims.com\/jobs\/50664\/trainer---kl\/job?mode=job&iis=RAF&iisn="
  },  
  {
    "Positions": "Trainer",
    "Language": "Korean",
    "Location": "Penang",
    "Evergreen title": "Trainer - Korean - Penang",
    "Evergreen link": "https:\/\/careers-teleperformance.icims.com\/jobs\/50664\/trainer---kl\/job?mode=job&iis=RAF&iisn="
  },  
  {
    "Positions": "Trainer",
    "Language": "Korean",
    "Location": "Kuala Lumpur",
    "Evergreen title": "Trainer - Korean - Kuala Lumpur",
    "Evergreen link": "https:\/\/careers-teleperformance.icims.com\/jobs\/50664\/trainer---kl\/job?mode=job&iis=RAF&iisn="
  },  
  {
    "Positions": "Quality Analyst",
    "Language": "English",
    "Location": "Penang",
    "Evergreen title": "Quality Analyst - English - Penang",
    "Evergreen link": "https:\/\/careers-teleperformance.icims.com\/jobs\/50669\/quality-analyst---kl\/job?mode=job&iis=RAF&iisn="
  },  
  {
    "Positions": "Quality Analyst",
    "Language": "English",
    "Location": "Kuala Lumpur",
    "Evergreen title": "Quality Analyst - English - Kuala Lumpur",
    "Evergreen link": "https:\/\/careers-teleperformance.icims.com\/jobs\/50669\/quality-analyst---kl\/job?mode=job&iis=RAF&iisn="
  },  
  {
    "Positions": "Quality Analyst",
    "Language": "Japanese",
    "Location": "Penang",
    "Evergreen title": "Quality Analyst - Japanese - Penang",
    "Evergreen link": "https:\/\/careers-teleperformance.icims.com\/jobs\/50669\/quality-analyst---kl\/job?mode=job&iis=RAF&iisn="
  },  
  {
    "Positions": "Quality Analyst",
    "Language": "Japanese",
    "Location": "Kuala Lumpur",
    "Evergreen title": "Quality Analyst - Japanese - Kuala Lumpur",
    "Evergreen link": "https:\/\/careers-teleperformance.icims.com\/jobs\/50669\/quality-analyst---kl\/job?mode=job&iis=RAF&iisn="
  },  
  {
    "Positions": "Quality Analyst",
    "Language": "Korean",
    "Location": "Penang",
    "Evergreen title": "Quality Analyst - Korean - Penang",
    "Evergreen link": "https:\/\/careers-teleperformance.icims.com\/jobs\/50669\/quality-analyst---kl\/job?mode=job&iis=RAF&iisn="
  },  
  {
    "Positions": "Quality Analyst",
    "Language": "Korean",
    "Location": "Kuala Lumpur",
    "Evergreen title": "Quality Analyst - Korean - Kuala Lumpur",
    "Evergreen link": "https:\/\/careers-teleperformance.icims.com\/jobs\/50669\/quality-analyst---kl\/job?mode=job&iis=RAF&iisn="
  },  
  {
    "Positions": "Talent Acquisition Partner",
    "Language": "English",
    "Location": "Penang",
    "Evergreen title": "Talent Acquisition Partner - English - Penang",
    "Evergreen link": "https:\/\/careers-teleperformance.icims.com\/jobs\/50471\/talent-acquisition-partner\/job?mode=job&iis=RAF&iisn="
  },  
  {
    "Positions": "Talent Acquisition Partner",
    "Language": "English",
    "Location": "Kuala Lumpur",
    "Evergreen title": "Talent Acquisition Partner - English - Kuala Lumpur",
    "Evergreen link": "https:\/\/careers-teleperformance.icims.com\/jobs\/50471\/talent-acquisition-partner\/job?mode=job&iis=RAF&iisn="
  },  
  {
    "Positions": "Talent Acquisition Partner",
    "Language": "Japanese",
    "Location": "Penang",
    "Evergreen title": "Talent Acquisition Partner - Japanese - Penang",
    "Evergreen link": "https:\/\/careers-teleperformance.icims.com\/jobs\/50471\/talent-acquisition-partner\/job?mode=job&iis=RAF&iisn="
  },  
  {
    "Positions": "Talent Acquisition Partner",
    "Language": "Japanese",
    "Location": "Kuala Lumpur",
    "Evergreen title": "Talent Acquisition Partner - Japanese - Kuala Lumpur",
    "Evergreen link": "https:\/\/careers-teleperformance.icims.com\/jobs\/50471\/talent-acquisition-partner\/job?mode=job&iis=RAF&iisn="
  },  
  {
    "Positions": "Talent Acquisition Partner",
    "Language": "Korean",
    "Location": "Penang",
    "Evergreen title": "Talent Acquisition Partner - Korean - Penang",
    "Evergreen link": "https:\/\/careers-teleperformance.icims.com\/jobs\/50471\/talent-acquisition-partner\/job?mode=job&iis=RAF&iisn="
  },  
  {
    "Positions": "Talent Acquisition Partner",
    "Language": "Korean",
    "Location": "Kuala Lumpur",
    "Evergreen title": "Talent Acquisition Partner - Korean - Kuala Lumpur",
    "Evergreen link": "https:\/\/careers-teleperformance.icims.com\/jobs\/50471\/talent-acquisition-partner\/job?mode=job&iis=RAF&iisn="
  },  
  {
    "Positions": "Assistant Contact Centre Manager",
    "Language": "English",
    "Location": "Penang",
    "Evergreen title": "Assistant Contact Centre Manager - English - Penang",
    "Evergreen link": "https:\/\/careers-teleperformance.icims.com\/jobs\/50384\/assistant-contact-centre-manager-%28customer-service%29----kl\/job?mode=job&iis=RAF&iisn="
  },  
  {
    "Positions": "Assistant Contact Centre Manager",
    "Language": "English",
    "Location": "Kuala Lumpur",
    "Evergreen title": "Assistant Contact Centre Manager - English - Kuala Lumpur",
    "Evergreen link": "https:\/\/careers-teleperformance.icims.com\/jobs\/50384\/assistant-contact-centre-manager-%28customer-service%29----kl\/job?mode=job&iis=RAF&iisn="
  },  
  {
    "Positions": "Assistant Contact Centre Manager",
    "Language": "Japanese",
    "Location": "Penang",
    "Evergreen title": "Assistant Contact Centre Manager - Japanese - Penang",
    "Evergreen link": "https:\/\/careers-teleperformance.icims.com\/jobs\/50384\/assistant-contact-centre-manager-%28customer-service%29----kl\/job?mode=job&iis=RAF&iisn="
  },  
  {
    "Positions": "Assistant Contact Centre Manager",
    "Language": "Japanese",
    "Location": "Kuala Lumpur",
    "Evergreen title": "Assistant Contact Centre Manager - Japanese - Kuala Lumpur",
    "Evergreen link": "https:\/\/careers-teleperformance.icims.com\/jobs\/50384\/assistant-contact-centre-manager-%28customer-service%29----kl\/job?mode=job&iis=RAF&iisn="
  },  
  {
    "Positions": "Assistant Contact Centre Manager",
    "Language": "Korean",
    "Location": "Penang",
    "Evergreen title": "Assistant Contact Centre Manager - Korean - Penang",
    "Evergreen link": "https:\/\/careers-teleperformance.icims.com\/jobs\/50384\/assistant-contact-centre-manager-%28customer-service%29----kl\/job?mode=job&iis=RAF&iisn="
  },  
  {
    "Positions": "Assistant Contact Centre Manager",
    "Language": "Korean",
    "Location": "Kuala Lumpur",
    "Evergreen title": "Assistant Contact Centre Manager - Korean - Kuala Lumpur",
    "Evergreen link": "https:\/\/careers-teleperformance.icims.com\/jobs\/50384\/assistant-contact-centre-manager-%28customer-service%29----kl\/job?mode=job&iis=RAF&iisn="
  },  
  {
    "Positions": "Lean Six Sigma Trainer",
    "Language": "English",
    "Location": "Penang",
    "Evergreen title": "Lean Six Sigma Trainer - English - Penang",
    "Evergreen link": "https:\/\/careers-teleperformance.icims.com\/jobs\/57483\/lean-six-sigma-trainer\/job?mode=job&iis=RAF&iisn="
  },  
  {
    "Positions": "Lean Six Sigma Trainer",
    "Language": "English",
    "Location": "Kuala Lumpur",
    "Evergreen title": "Lean Six Sigma Trainer - English - Kuala Lumpur",
    "Evergreen link": "https:\/\/careers-teleperformance.icims.com\/jobs\/57483\/lean-six-sigma-trainer\/job?mode=job&iis=RAF&iisn="
  },  
  {
    "Positions": "Senior IT Engineer",
    "Language": "English",
    "Location": "Kuala Lumpur",
    "Evergreen title": "Senior IT Engineer - English - Kuala Lumpur",
    "Evergreen link": "https:\/\/careers-teleperformance.icims.com\/jobs\/57761\/senior-it-engineer\/job?mode=job&iis=RAF&iisn="
  },    
  {
    "Positions": "IT Engineer",
    "Language": "English",
    "Location": "Kuala Lumpur",
    "Evergreen title": "IT Engineer in G Tower - English - Kuala Lumpur",
    "Evergreen link": "https:\/\/careers-teleperformance.icims.com\/jobs\/58472\/it-engineer\/job?mode=job&iis=RAF&iisn="
  },    
  {
    "Positions": "IT Engineer",
    "Language": "English",
    "Location": "Penang",
    "Evergreen title": "IT Engineer in Livingston - English - Kuala Lumpur",
    "Evergreen link": "https:\/\/careers-teleperformance.icims.com\/jobs\/58473\/it-engineer\/job?mode=job&iis=RAF&iisn="
  },
  {
    "Positions": "QA Supervisor",
    "Language": "Mandarin",
    "Location": "Penang",
    "Evergreen title": "QA Supervisor - Mandarin - Penang",
    "Evergreen link": "https:\/\/careers-teleperformance.icims.com\/jobs\/57489\/qa-supervisor---mandarin---penang\/job?mode=job&iis=RAF&iisn="
  },   
  {
    "Positions": "Wellness Lead",
    "Language": "English",
    "Location": "Penang",
    "Evergreen title": "Wellness Lead - English - Penang (Social Media)",
    "Evergreen link": "https:\/\/careers-teleperformance.icims.com\/jobs\/56328\/wellness-lead---english---penang-%28social-media%29\/job?mode=job&iis=RAF&iisn="
  },   
  {
    "Positions": "Procurement Project Manager",
    "Language": "Mandarin",
    "Location": "Kuala Lumpur",
    "Evergreen title": "Procurement Project Manager (English & Mandarin Speaking)",
    "Evergreen link": "https:\/\/careers-teleperformance.icims.com\/jobs\/58823\/procurement-project-manager-%28english-%26-mandarin-speaking%29\/job?mode=job&iis=RAF&iisn="
  },   
  {
    "Positions": "Technical Account Manager",
    "Language": "English",
    "Location": "Kuala Lumpur",
    "Evergreen title": "Technical Account Manager - English - Kuala Lumpur",
    "Evergreen link": "https:\/\/careers-teleperformance.icims.com\/jobs\/58683\/technical-account-manager\/job?mode=job&iis=RAF&iisn="
  },     
  {
    "Positions": "Transformation Consultant",
    "Language": "English",
    "Location": "Kuala Lumpur",
    "Evergreen title": "Transformation Consultant - English - Kuala Lumpur",
    "Evergreen link": "https:\/\/careers-teleperformance.icims.com\/jobs\/59363\/transformation-consultant\/job?mode=job&iis=RAF&iisn="
  },   
  {
    "Positions": "Technical Account Manager",
    "Language": "English",
    "Location": "Penang",
    "Evergreen title": "Technical Account Manager - English - Penang",
    "Evergreen link": "https:\/\/careers-teleperformance.icims.com\/jobs\/58683\/technical-account-manager\/job?mode=job&iis=RAF&iisn="
  }, 
  {
    "Positions": "Customer Success Specialist",
    "Language": "Hindi",
    "Location": "Penang",
    "Evergreen title": "Customer Success Specialist - Hindi - Penang",
    "Evergreen link": "https:\/\/careerseng-teleperformance.icims.com\/jobs\/49491\/customer-success-specialist---hindi----penang\/job?mode=job&iis=RAF&iisn="
  }, 
  {
    "Positions": "Ad Sales Specialist",
    "Language": "Taiwanese",
    "Location": "Bangkok",
    "Evergreen title": "Ad Sales Specialist- Taiwanese/Mandarin Bangkok",
    "Evergreen link": "https:\/\/careerseng-teleperformance.icims.com\/jobs\/39524\/ad-sales-specialist---mandarin-speaker\/job?mode=job&iis=RAF&iisn="
  },   
  {
    "Positions": "Ad Sales Specialist",
    "Language": "Mandarin",
    "Location": "Bangkok",
    "Evergreen title": "Ad Sales Specialist- Taiwanese/Mandarin Bangkok",
    "Evergreen link": "https:\/\/careerseng-teleperformance.icims.com\/jobs\/39524\/ad-sales-specialist---mandarin-speaker\/job?mode=job&iis=RAF&iisn="
  }, 
  {
    "Positions": "Fraud & Risk Analyst",
    "Language": "Thai",
    "Location": "Kuala Lumpur",
    "Evergreen title": "Customer Success Specialist - Thai - Kuala Lumpur",
    "Evergreen link": "https:\/\/careerseng-teleperformance.icims.com\/jobs\/58707\/fraud-%26-risk-analyst---thai--kuala-lumpur\/job?mode=job&iis=RAF&iisn="
  }, 
  {
   "Positions": "Content Moderator",
   "Language": "Mandarin",
   "Location": "Bangkok",
   "Evergreen title": "Customer Service Advisor  - Mandarin - Bangkok",
   "Evergreen link": "https:\/\/careerseng-teleperformance.icims.com\/jobs\/59761\/content-moderator---mandarin---thailand\/job?mode=job&iis=RAF&iisn="
  }, 
  {
   "Positions": "Content Moderator",
   "Language": "Tagalog",
   "Location": "Bangkok",
   "Evergreen title": "Customer Service Advisor  - Tagalog - Bangkok",
   "Evergreen link": "https:\/\/careerseng-teleperformance.icims.com\/jobs\/59760\/content-moderator---tagalog---thailand\/job?mode=job&iis=RAF&iisn="
  }, 
  {
   "Positions": "Content Moderator",
   "Language": "Malay",
   "Location": "Bangkok",
   "Evergreen title": "Customer Service Advisor  - Malay - Bangkok",
   "Evergreen link": "https:\/\/careerseng-teleperformance.icims.com\/jobs\/59762\/content-moderator---bahasa-malaysia--thailand\/job?mode=job&iis=RAF&iisn="
  },  
  {
   "Positions": "Interpreter",
   "Language": "Vietnamese",
   "Location": "Work From Home",
   "Evergreen title": "Customer Service Advisor  - Vietnamese - Bangkok",
   "Evergreen link": "https:\/\/careerseng-teleperformance.icims.com\/jobs\/49548\/interpreter---vietnamese---work-from-home\/job?mode=job&iis=RAF&iisn="
  },  
  {
    "Positions": "Quality Assurance Manager",
    "Language": "English",
    "Location": "Bangkok",
    "Evergreen title": "Quality Assurance Manager - English - Bangkok",
    "Evergreen link": "https:\/\/careers-teleperformance.icims.com\/jobs\/60732\/quality-assurance-manager---english-%28thailand%29\/job?mode=job&iis=RAF&iisn="
  },   
  {
    "Positions": "Quality Assurance Analyst",
    "Language": "Mandarin",
    "Location": "Bangkok",
    "Evergreen title": "Quality Assurance Analyst - Mandarin - Bangkok",
    "Evergreen link": "https:\/\/careers-teleperformance.icims.com\/jobs\/59676\/quality-assurance-analyst---mandarin-%28thailand%29\/job?mode=job&iis=RAF&iisn="
  },   
  {
    "Positions": "Quality Assurance",
    "Language": "Japanese",
    "Location": "Bangkok",
    "Evergreen title": "Quality Assurance - Japanese - Bangkok",
    "Evergreen link": "https:\/\/careers-teleperformance.icims.com\/jobs\/59903\/assiquality-assurance---japanese\/job?mode=job&iis=RAF&iisn="
  },   
  {
    "Positions": "Quality Assurance Analyst",
    "Language": "Malay",
    "Location": "Bangkok",
    "Evergreen title": "Quality Assurance Analyst - Malay - Bangkok",
    "Evergreen link": "https:\/\/careers-teleperformance.icims.com\/jobs\/59677\/quality-assurance-analyst---malay-%28thailand%29\/job?mode=job&iis=RAF&iisn="
  },   
  {
    "Positions": "Quality Assurance Analyst",
    "Language": "Tagalog",
    "Location": "Bangkok",
    "Evergreen title": "Quality Assurance Analyst - Tagalog - Bangkok",
    "Evergreen link": "https:\/\/careers-teleperformance.icims.com\/jobs\/59678\/quality-assurance-analyst---tagalog-%28thailand%29\/job?mode=job&iis=RAF&iisn="
  }, 
  {
    "Positions": "Human Resource Business Partner",
    "Language": "Japanese",
    "Location": "Kuala Lumpur",
    "Evergreen title": "Human Resource Business Partner - Japanese - Kuala Lumpur",
    "Evergreen link": "https:\/\/careers-teleperformance.icims.com\/jobs\/61109\/human-resource-business-partner---japanese-speaker---kl\/job?mode=job&iis=RAF&iisn="
  }, 
  {
   "Positions": "Interpreter",
   "Language": "Japanese",
   "Location": "Work From Home",
   "Evergreen title": "Interpreter - Japanese - Work From Home",
   "Evergreen link": "https:\/\/careerseng-teleperformance.icims.com\/jobs\/49545\/interpreter---japanese---work-from-home\/job?mode=job&iis=RAF&iisn="
  },  
  {
   "Positions": "Customer Service Representative",
   "Language": "Thai",
   "Location": "Bangkok",
   "Evergreen title": "Customer Service Representative - Thai - Bangkok (เจ้าหน้าที่ให้บริการลูกค้า)",
   "Evergreen link": "https:\/\/careerseng-teleperformance.icims.com\/jobs\/61858\/customer-service-representative---thai---bangkok\/job?mode=job&iis=RAF&iisn="
  },
  {
   "Positions": "Procurement Specialist",
   "Language": "Japanese",
    "Location": "Kuala Lumpur",
   "Evergreen title": "Procurement Specialist - Japanese - Kuala Lumpur",
   "Evergreen link": "https:\/\/careerseng-teleperformance.icims.com\/jobs\/51854\/procurement-specialist---japanese---kl\/job?mode=job&iis=RAF&iisn="
  },
  {
   "Positions": "Procurement Specialist",
    "Language": "Korean",
    "Location": "Kuala Lumpur",
   "Evergreen title": "Procurement Specialist - Korean - Kuala Lumpur",
   "Evergreen link": "https:\/\/careerseng-teleperformance.icims.com\/jobs\/53115\/procurement-specialist---korean---kl\/job?mode=job&iis=RAF&iisn="
  },   
  {
   "Positions": "Procurement Specialist",
   "Language": "Portuguese",
    "Location": "Kuala Lumpur",
   "Evergreen title": "Procurement Specialist - Portuguese - Kuala Lumpur",
   "Evergreen link": "https:\/\/careerseng-teleperformance.icims.com\/jobs\/59294\/procurement-specialist---portuguese--kl\/job?mode=job&iis=RAF&iisn="
  },
  {
   "Positions": "Procurement Specialist",
   "Language": "Arabic",
    "Location": "Kuala Lumpur",
   "Evergreen title": "Procurement Specialist - Arabic - Kuala Lumpur",
   "Evergreen link": "https:\/\/careerseng-teleperformance.icims.com\/jobs\/61829\/procurement-specialist---arabic--kl\/job?mode=job&iis=RAF&iisn="
  },
  {
   "Positions": "Procurement Specialist",
   "Language": "Indonesian",
    "Location": "Kuala Lumpur",
   "Evergreen title": "Procurement Specialist - Indonesian - Kuala Lumpur",
   "Evergreen link": "https:\/\/careerseng-teleperformance.icims.com\/jobs\/61831\/procurement-specialist---indonesian--kl\/job?mode=job&iis=RAF&iisn="
  },
  {
   "Positions": "Procurement Specialist",
   "Language": "Spanish",
    "Location": "Kuala Lumpur",
   "Evergreen title": "Procurement Specialist - Spanish - Kuala Lumpur",
   "Evergreen link": "https:\/\/careerseng-teleperformance.icims.com\/jobs\/61832\/procurement-specialist---spanish---kl\/job?mode=job&iis=RAF&iisn="
  },
  {
   "Positions": "Creator Support Specialist (UGC)",
   "Language": "Mandarin",
    "Location": "Kuala Lumpur",
   "Evergreen title": "Creator Support Specialist (UGC) - Mandarin - Kuala Lumpur",
   "Evergreen link": "https:\/\/careerseng-teleperformance.icims.com\/jobs\/62136\/customer-support-specialist-%28ugc%29---mandarin---kuala-lumpur\/job?mode=job&iis=RAF&iisn="
  },
  {
    "Positions": "Training & Quality Assurance Supervisor",
    "Language": "Japanese",
    "Location": "Bangkok",
    "Evergreen title": "Training & Quality Assurance Supervisor - Japanese - Bangkok",
    "Evergreen link": "https:\/\/careers-teleperformance.icims.com\/jobs\/59903\/training-%26-quality-assurance-supervisor---japanese---thailand-%28social-media%29\/job?mode=job&iis=RAF&iisn="
  },    
  {
    "Positions": "Operations Supervisor",
    "Language": "Mandarin",
    "Location": "Penang",
    "Evergreen title": "Operations Supervisor - Mandarin- Penang",
    "Evergreen link": "https:\/\/careers-teleperformance.icims.com\/jobs\/60855\/travel-loyalty-project---supervisor-%28mandarin%29\/job?mode=job&iis=RAF&iisn="
  },   
  {
   "Positions": "Customer Success Specialist",
   "Language": "Japanese",
    "Location": "Bangkok",
   "Evergreen title": "Customer Success Specialist - Japanese - Bangkok",
   "Evergreen link": "https:\/\/careerseng-teleperformance.icims.com\/jobs\/39527\/customer-success-specialist---japanese-speaker\/job?mode=job&iis=RAF&iisn="
  },
  {
    "Positions": "Trainer (Banking)",
    "Language": "Japanese",
    "Location": "Kuala Lumpur",
    "Evergreen title": "Trainer (Banking) - Japanese - Kuala Lumpur",
    "Evergreen link": "https:\/\/careers-teleperformance.icims.com\/jobs\/62910\/trainer-%28banking%29---japanese\/job?mode=job&iis=RAF&iisn="
  },   
  {
    "Positions": "IT Business Continuity Project Manager",
    "Language": "Mandarin",
    "Location": "Kuala Lumpur",
    "Evergreen title": "IT Business Continuity Project Manager - Mandarin- KL",
    "Evergreen link": "https:\/\/careers-teleperformance.icims.com\/jobs\/61507\/it-business-continuity-project-manager---kl---mandarin-speaker\/job?mode=job&iis=RAF&iisn="
  },
  {
    "Positions": "Creator Support Specialist (UGC)",
    "Language": "English",
    "Location": "Kuala Lumpur",
    "Evergreen title": "IT Business Continuity Project Manager - Mandarin- KL",
    "Evergreen link": "https:\/\/careerseng-teleperformance.icims.com\/jobs\/62136\/customer-support-specialist-%28ugc%29---mandarin---kuala-lumpur\/job?mode=job&iis=RAF&iisn="
  },  
  {
    "Positions": "Customer Identity Advisor",
    "Language": "Japanese",
    "Location": "Kuala Lumpur",
    "Evergreen title": "Customer Identity Advisor - Japanese- KL",
    "Evergreen link": "https:\/\/careerseng-teleperformance.icims.com\/jobs\/63225\/customer-identity-advisor---japanese---kuala-lumpur\/job?mode=job&iis=RAF&iisn="
  },  
  {
    "Positions": "Merchant Risk Monitoring",
    "Language": "Cantonese",
    "Location": "Kuala Lumpur",
    "Evergreen title": "Merchant Risk Monitoring - Cantonese- KL",
    "Evergreen link": "https:\/\/careerseng-teleperformance.icims.com\/jobs\/63226\/merchant-risk-monitoring----cantonese---kuala-lumpur\/job?mode=job&iis=RAF&iisn="
  },  
  {
    "Positions": "Merchant Onboarding Agent",
    "Language": "Malay",
    "Location": "Kuala Lumpur",
    "Evergreen title": "Merchant Onboarding Agent - Malay- KL",
    "Evergreen link": "https:\/\/careerseng-teleperformance.icims.com\/jobs\/63227\/merchant-onboarding-agent---bahasa-malaysia---kuala-lumpur\/job?mode=job&iis=RAF&iisn="
  },  
  {
    "Positions": "Risk Operations Agent",
    "Language": "Mandarin",
    "Location": "Kuala Lumpur",
    "Evergreen title": "Risk Operations Agent - Mandarin- KL",
    "Evergreen link": "https:\/\/careerseng-teleperformance.icims.com\/jobs\/63228\/risk-operations-agent---mandarin---kuala-lumpur\/job?mode=job&iis=RAF&iisn="
  },  
  {
    "Positions": "Global Protections Agent",
    "Language": "Thai",
    "Location": "Kuala Lumpur",
    "Evergreen title": "Global Protections Agent - Thai- KL",
    "Evergreen link": "https:\/\/careerseng-teleperformance.icims.com\/jobs\/63229\/global-protections-agent---thai---kuala-lumpur\/job?mode=job&iis=RAF&iisn="
  },  
  {
    "Positions": "Global Protections Agent",
    "Language": "Mandarin",
    "Location": "Kuala Lumpur",
    "Evergreen title": "Global Protections Agent - Mandarin- KL",
    "Evergreen link": "https:\/\/careerseng-teleperformance.icims.com\/jobs\/63230\/global-protections-agent---mandarin---kuala-lumpur\/job?mode=job&iis=RAF&iisn="
  },    
  {
    "Positions": "Ad Sales Specialist",
    "Language": "Japanese",
    "Location": "Bangkok",
    "Evergreen title": "Ad Sales Specialist - Japanese - Bangkok",
    "Evergreen link": "https:\/\/careerseng-teleperformance.icims.com\/jobs\/63899\/ad-sales-specialist---japanese--bangkok\/job?mode=job&iis=RAF&iisn="
  },  
  {
    "Positions": "Ad Sales Specialist",
    "Language": "Tagalog",
    "Location": "Bangkok",
    "Evergreen title": "Ad Sales Specialist - Tagalog - Bangkok",
    "Evergreen link": "https:\/\/careerseng-teleperformance.icims.com\/jobs\/63900\/ad-sales-specialist---tagalog---bangkok\/job?mode=job&iis=RAF&iisn="
  },  
  {
    "Positions": "Assisted Sales Advisor",
    "Language": "Malay",
    "Location": "Penang",
    "Evergreen title": "Assisted Sales Advisor - Malay - Penang",
    "Evergreen link": "https:\/\/careerseng-teleperformance.icims.com\/jobs\/42693\/assisted-sales-advisor---english-%26-malay\/job?mode=job&iis=RAF&iisn="
  },  
  {
    "Positions": "Customer Success Specialist",
    "Language": "Urdu",
    "Location": "Kuala Lumpur",
    "Evergreen title": "Customer Success Specialist - Urdu - Kuala Lumpur",
    "Evergreen link": "https:\/\/careerseng-teleperformance.icims.com\/jobs\/49444\/customer-success-specialist---urdu---kl\/job?mode=job&iis=RAF&iisn="
  }
 ]
